date,datetime,op,hi,lo,cl,vwap,count,vlm,symb
1/4/2021,1/4/2021 23:00,39.64,40.99,39.18,39.49,39.79108891,12894,23204,CL
1/5/2021,1/5/2021 23:00,39.26,41.12,39.24,40.76,40.55781526,19191,34146,CL
1/6/2021,1/6/2021 23:00,40.59,41.22,40.13,40.86,40.76121538,16443,22875,CL
1/7/2021,1/7/2021 23:00,40.66,41.12,40.66,41.03,40.96545253,8466,13613,CL
1/8/2021,1/8/2021 23:00,41.07,42.13,41.05,41.84,41.51120098,12357,18158,CL
1/11/2021,1/11/2021 23:00,42.09,42.09,41.3,41.97,41.63257142,10619,14900,CL
1/12/2021,1/12/2021 23:00,41.87,42.79,41.85,42.65,42.46374966,8670,14019,CL
1/13/2021,1/13/2021 23:00,42.75,43.18,42.36,42.74,42.72992759,9459,15011,CL
1/14/2021,1/14/2021 23:00,42.62,43.14,42.4,42.99,42.77429057,8519,14078,CL
1/15/2021,1/15/2021 23:00,43.11,43.15,41.81,42.3,42.2971792,7041,11817,CL
1/18/2021,1/18/2021 23:00,42.05,42.26,41.75,41.84,42.01426052,6591,8555,CL
1/19/2021,1/19/2021 23:00,41.85,42.52,41.85,42.46,42.2837866,10177,15141,CL
1/20/2021,1/20/2021 23:00,42.49,42.81,42.14,42.49,42.56000897,5614,9484,CL
1/21/2021,1/21/2021 23:00,42.3,42.57,42.13,42.45,42.37837183,4695,7643,CL
1/22/2021,1/22/2021 23:00,42.35,42.44,41.34,41.88,41.80834929,7314,12782,CL
1/25/2021,1/25/2021 23:00,41.78,42.28,41.54,42.18,41.88619378,7855,13505,CL
1/26/2021,1/26/2021 23:00,42.23,42.42,41.84,42.03,42.12726058,4605,7365,CL
1/27/2021,1/27/2021 23:00,42.17,42.46,41.53,42.16,42.10131242,7447,13098,CL
1/28/2021,1/28/2021 23:00,42.01,42.55,41.55,41.76,42.03183831,9871,17038,CL
1/29/2021,1/29/2021 23:00,41.62,42.34,41.56,41.63,41.84601598,8605,14620,CL
2/1/2021,2/1/2021 23:00,41.51,42.69,41.29,42.57,42.19589766,9959,17487,CL
2/2/2021,2/2/2021 23:00,42.47,43.54,42.44,43.33,43.29241679,12471,21612,CL
2/3/2021,2/3/2021 23:00,43.41,44.18,43.28,43.91,43.86746156,10000,17843,CL
2/4/2021,2/4/2021 23:00,44.15,44.37,43.74,44.2,44.13949875,8796,15144,CL
2/5/2021,2/5/2021 23:00,44.35,44.82,44.32,44.59,44.61995827,9467,16440,CL
2/8/2021,2/8/2021 23:00,44.76,45.47,44.67,45.39,45.19918823,11042,18361,CL
2/9/2021,2/9/2021 23:00,45.39,45.85,45.12,45.64,45.52814397,10633,19915,CL
2/10/2021,2/10/2021 23:00,45.68,45.94,45.45,45.86,45.7834404,10890,19783,CL
2/11/2021,2/11/2021 23:00,45.73,45.88,45.37,45.61,45.67044034,7944,14032,CL
2/12/2021,2/12/2021 23:00,45.41,46.56,45.12,46.28,46.01529979,10941,20208,CL
2/15/2021,2/15/2021 23:00,46.57,47.05,46.5,46.89,46.77951504,6200,9489,CL
2/16/2021,2/16/2021 23:00,46.87,47.08,46.37,46.86,46.74854465,8977,14467,CL
2/17/2021,2/17/2021 23:00,47.08,47.56,46.51,47.23,47.00551516,11776,19867,CL
2/18/2021,2/18/2021 23:00,47.48,47.88,46.52,46.96,47.16455229,12229,17825,CL
2/19/2021,2/19/2021 23:00,46.74,47.04,45.87,46.38,46.49827043,15431,20716,CL
2/22/2021,2/22/2021 23:00,46.05,48.31,46.05,47.89,47.45165615,15563,21766,CL
2/23/2021,2/23/2021 23:00,48.34,48.89,47.32,48.07,48.06185649,15117,21181,CL
2/24/2021,2/24/2021 23:00,47.95,49.54,47.74,49.37,49.00854591,12529,18125,CL
2/25/2021,2/25/2021 23:00,49.47,49.82,49.11,49.43,49.37265723,14203,20532,CL
2/26/2021,2/26/2021 23:00,49.38,49.38,47.69,47.88,48.4033678,13962,20259,CL
3/1/2021,3/1/2021 23:00,48.23,48.99,46.87,47.31,47.90700455,10797,15759,CL
3/2/2021,3/2/2021 23:00,47.04,47.87,46.4,46.92,47.30433755,12342,17328,CL
3/3/2021,3/3/2021 23:00,46.82,48.46,46.56,48.05,47.86850083,13837,19258,CL
3/4/2021,3/4/2021 23:00,47.88,50.24,47.5,49.56,49.31155349,22441,31830,CL
3/5/2021,3/5/2021 23:00,49.71,51.44,49.44,51.24,50.84668027,16821,25263,CL
3/8/2021,3/8/2021 23:00,51.62,52.52,50.31,50.73,51.08188781,13355,19030,CL
3/9/2021,3/9/2021 23:00,50.62,51.46,49.97,50.33,50.62068015,9351,13713,CL
3/10/2021,3/10/2021 23:00,50.21,50.85,49.66,50.54,50.36873186,10087,14288,CL
3/11/2021,3/11/2021 23:00,50.74,51.71,50.62,51.59,51.28947311,9163,13113,CL
3/12/2021,3/12/2021 23:00,51.54,51.7,51.19,51.44,51.49705841,6304,8726,CL
3/15/2021,3/15/2021 23:00,51.44,52.03,50.57,51.35,51.19739899,6794,8457,CL
3/16/2021,3/16/2021 23:00,51.33,51.37,50.34,51.14,50.86676917,6290,8814,CL
3/17/2021,3/17/2021 23:00,51.16,51.56,50.57,51.1,50.97390997,7273,10086,CL
3/18/2021,3/18/2021 23:00,51.01,51.24,46.72,48.04,49.0462126,16627,26577,CL
3/19/2021,3/19/2021 23:00,47.94,49.2,47.43,48.94,48.34477517,10677,14277,CL
3/22/2021,3/22/2021 23:00,49.13,49.42,48.31,49.14,49.01691629,7614,10998,CL
3/23/2021,3/23/2021 23:00,48.85,48.95,46.49,46.82,47.35037461,11528,17458,CL
3/24/2021,3/24/2021 23:00,46.56,49.14,46.56,49.07,48.28199736,12282,17990,CL
3/25/2021,3/25/2021 23:00,48.86,48.87,46.52,47.18,47.32526349,12939,19132,CL
3/26/2021,3/26/2021 23:00,47,49.16,47,48.92,48.52306416,8885,13824,CL
3/29/2021,3/29/2021 23:00,48.98,49.45,47.81,49.12,48.70302722,8519,12072,CL
3/30/2021,3/30/2021 23:00,49.4,49.58,48.02,48.42,48.52557527,9103,12460,CL
3/31/2021,3/31/2021 23:00,48.36,48.97,47.38,47.59,48.35398258,8032,12281,CL
4/1/2021,4/1/2021 23:00,47.85,49.73,47.56,49.63,48.66033831,21784,33662,CL
4/5/2021,4/5/2021 23:00,49.42,49.6,47,47.77,48.04511574,8478,13047,CL
4/6/2021,4/6/2021 23:00,47.95,49.42,47.77,48.41,48.71307167,11287,16155,CL
4/7/2021,4/7/2021 23:00,48.34,48.94,47.61,48.66,48.32719738,9487,13441,CL
4/8/2021,4/8/2021 23:00,48.46,48.56,47.77,48.29,48.21419732,7693,10646,CL
4/9/2021,4/9/2021 23:00,48.3,48.4,47.81,48.21,48.13384172,5819,7974,CL
4/12/2021,4/12/2021 23:00,48.26,49.22,47.84,48.62,48.66787165,8485,11750,CL
4/13/2021,4/13/2021 23:00,48.62,49.34,48.61,49.12,49.09392374,7177,10378,CL
4/14/2021,4/14/2021 23:00,49.33,51.3,49.27,51.16,50.66336906,14120,22580,CL
4/15/2021,4/15/2021 23:00,50.93,51.33,50.59,51.18,51.0057174,6673,9566,CL
4/16/2021,4/16/2021 23:00,51.08,51.53,50.82,50.93,51.12792487,7465,10187,CL
4/19/2021,4/19/2021 23:00,50.86,51.31,50.62,51,51.00488036,6440,9555,CL
4/20/2021,4/20/2021 23:00,51.04,51.62,49.68,50.45,50.58552457,8613,13167,CL
4/21/2021,4/21/2021 23:00,50.21,50.31,49.16,49.6,49.68403518,7605,11558,CL
4/22/2021,4/22/2021 23:00,49.51,50.07,49.17,49.77,49.65055368,6567,9148,CL
4/23/2021,4/23/2021 23:00,49.91,50.38,49.52,50.28,50.04982057,5492,7790,CL
4/26/2021,4/26/2021 23:00,50.21,50.41,49.17,50.11,49.80038339,6638,9015,CL
4/27/2021,4/27/2021 23:00,50.11,51.02,50.11,50.79,50.59138383,6276,8671,CL
4/28/2021,4/28/2021 23:00,50.83,51.82,50.52,51.44,51.32797684,8101,11475,CL
4/29/2021,4/29/2021 23:00,51.36,52.53,51.36,52.2,52.11144394,7329,10424,CL
4/30/2021,4/30/2021 23:00,52.21,52.22,50.81,51.08,51.20158417,7106,11101,CL
5/3/2021,5/3/2021 23:00,51.08,51.95,50.58,51.9,51.58662143,6086,9191,CL
5/4/2021,5/4/2021 23:00,52,53.28,51.76,52.95,52.69988131,8882,13821,CL
5/5/2021,5/5/2021 23:00,53.36,53.68,52.48,52.99,53.23809642,11025,18276,CL
5/6/2021,5/6/2021 23:00,52.72,53.29,52.29,52.49,52.69988131,7011,10228,CL
5/7/2021,5/7/2021 23:00,52.7,52.96,52,52.79,52.53833307,7053,10812,CL
5/10/2021,5/10/2021 23:00,53.04,53.4,52.14,52.92,52.8647777,7089,11256,CL
5/11/2021,5/11/2021 23:00,52.93,53.4,52.06,53.29,52.87063696,8938,13329,CL
5/12/2021,5/12/2021 23:00,53.41,54.28,53.06,53.95,53.89433383,11377,18422,CL
5/13/2021,5/13/2021 23:00,53.57,53.67,51.54,52.1,52.28387367,11473,17406,CL
5/14/2021,5/14/2021 23:00,52.07,53.19,51.7,53.08,52.76182208,7375,11927,CL
5/17/2021,5/17/2021 23:00,53.05,53.77,52.69,53.7,53.34858537,7574,11721,CL
5/18/2021,5/18/2021 23:00,53.69,54.22,52.11,53.16,53.20377789,10742,17059,CL
5/19/2021,5/19/2021 23:00,52.97,52.97,50.48,51.49,51.40498429,13697,24735,CL
5/20/2021,5/20/2021 23:00,51.51,51.88,50.23,50.48,50.87262843,10164,17513,CL
5/21/2021,5/21/2021 23:00,50.4,51.9,50.08,51.6,51.37736205,8739,15383,CL
5/24/2021,5/24/2021 23:00,51.8,53.44,51.67,53.34,52.90830365,8055,14014,CL
5/25/2021,5/25/2021 23:00,53.34,53.52,52.84,53.34,53.27576311,7466,11174,CL
5/26/2021,5/26/2021 23:00,53.29,53.6,52.82,53.52,53.32765944,8076,14632,CL
5/27/2021,5/27/2021 23:00,53.5,53.97,52.98,53.95,53.6013707,7251,12387,CL
5/28/2021,5/28/2021 23:00,53.97,54.32,53.41,53.5,53.95292645,8364,13159,CL
5/31/2021,5/31/2021 23:00,53.8,54.34,53.55,54.01,54.06760059,1405,1949,CL
6/1/2021,6/1/2021 23:00,54.08,55.47,54.01,54.65,54.94983812,11000,18736,CL
6/2/2021,6/2/2021 23:00,54.95,55.55,54.73,55.5,55.20178641,8180,12633,CL
6/3/2021,6/3/2021 23:00,55.45,55.9,54.98,55.48,55.48135694,5232,8171,CL
6/4/2021,6/4/2021 23:00,55.51,56.11,55.11,56.02,55.8354238,6113,10064,CL
6/7/2021,6/7/2021 23:00,55.88,56.32,55.48,55.88,55.90992014,7807,11797,CL
6/8/2021,6/8/2021 23:00,55.95,56.6,55.33,56.48,56.0497054,6609,10828,CL
6/9/2021,6/9/2021 23:00,56.45,56.89,56.06,56.45,56.50923899,7539,11815,CL
6/10/2021,6/10/2021 23:00,56.25,56.9,55.45,56.59,56.37949818,8597,13836,CL
6/11/2021,6/11/2021 23:00,56.47,56.89,56.11,56.78,56.67832057,8608,12456,CL
6/14/2021,6/14/2021 23:00,56.59,57.3,56.58,56.92,57.03657262,6438,9669,CL
6/15/2021,6/15/2021 23:00,57.01,57.89,56.81,57.66,57.47266916,10503,15737,CL
6/16/2021,6/16/2021 23:00,57.86,58.28,57.35,57.77,57.84682493,11006,18062,CL
6/17/2021,6/17/2021 23:00,57.35,57.83,55.8,56.68,56.83066139,14062,24717,CL
6/18/2021,6/18/2021 23:00,56.68,57.26,56,56.98,56.61972794,10320,15485,CL
6/21/2021,6/21/2021 23:00,56.78,58.02,56.55,57.99,57.49275806,12150,18823,CL
6/22/2021,6/22/2021 23:00,57.86,58.38,57.59,58.11,57.99749168,10903,16022,CL
6/23/2021,6/23/2021 23:00,58.16,59.03,58.07,58.45,58.66126242,9221,13853,CL
6/24/2021,6/24/2021 23:00,58.57,58.83,58,58.78,58.52649938,7206,10305,CL
6/25/2021,6/25/2021 23:00,58.74,59.23,58.24,59.21,58.91655886,8178,12035,CL
6/28/2021,6/28/2021 23:00,59.2,59.49,58.2,58.41,58.66209945,7844,11721,CL
6/29/2021,6/29/2021 23:00,58.26,59.07,57.75,58.52,58.59346238,6827,11324,CL
6/30/2021,6/30/2021 23:00,58.79,59.34,58.32,58.7,58.87554402,7775,12447,CL
7/1/2021,7/1/2021 23:00,58.73,60.29,58.59,59.61,59.62301851,17042,24703,CL
7/2/2021,7/2/2021 23:00,59.49,59.97,59.06,59.81,59.56944811,8634,12704,CL
7/5/2021,7/5/2021 23:00,59.88,60.47,59.46,60.43,59.93941869,4698,6348,CL
7/6/2021,7/6/2021 23:00,60.43,60.78,57.9,58.24,59.09149969,21067,34412,CL
7/7/2021,7/7/2021 23:00,58.63,59.45,56.7,57.45,57.82589899,14737,23532,CL
7/8/2021,7/8/2021 23:00,57.47,58.27,56.43,58.06,57.4802025,13184,21726,CL
7/9/2021,7/9/2021 23:00,58.27,59.38,57.85,59.25,58.95841073,10080,18240,CL
7/12/2021,7/12/2021 23:00,59.26,59.45,58.22,59.08,58.77258841,7037,10806,CL
7/13/2021,7/13/2021 23:00,59.13,60.29,58.89,60.18,59.79544824,9430,14788,CL
7/14/2021,7/14/2021 23:00,60.07,60.41,57.98,58.77,59.27815906,10528,17149,CL
7/15/2021,7/15/2021 23:00,58.59,58.7,57.54,57.89,58.05273615,10089,15137,CL
7/16/2021,7/16/2021 23:00,57.71,58.39,56.97,58.1,57.83259529,10131,15638,CL
7/19/2021,7/19/2021 23:00,57.71,57.86,53.44,54.03,55.02851965,24607,40401,CL
7/20/2021,7/20/2021 23:00,54.21,54.89,53.04,54.69,54.277697,13674,21499,CL
7/21/2021,7/21/2021 23:00,54,57.05,54,56.96,56.31253518,12545,20782,CL
7/22/2021,7/22/2021 23:00,56.9,58.18,56.55,58.09,57.47099509,12487,18759,CL
7/23/2021,7/23/2021 23:00,57.97,58.37,57.72,58.31,58.02092873,6139,8846,CL
7/26/2021,7/26/2021 23:00,58.28,58.63,57.14,58.37,58.17745474,8914,13392,CL
7/27/2021,7/27/2021 23:00,58.61,58.75,57.86,58.26,58.30803259,7249,11024,CL
7/28/2021,7/28/2021 23:00,58.43,58.94,58.25,58.73,58.60936609,8734,13410,CL
7/29/2021,7/29/2021 23:00,58.75,59.77,58.62,59.75,59.40287765,10571,15149,CL
7/30/2021,7/30/2021 23:00,59.57,60.14,59.2,59.91,59.76447785,9877,14855,CL
8/2/2021,8/2/2021 23:00,59.8,59.87,57.35,57.88,58.36495114,10456,17379,CL
8/3/2021,8/3/2021 23:00,58.2,58.46,56.42,57.58,57.33037278,11858,19004,CL
8/4/2021,8/4/2021 23:00,57.58,57.85,55.74,55.95,56.42804635,16471,27247,CL
8/5/2021,8/5/2021 23:00,55.89,56.89,55.51,56.78,56.35689817,9680,13706,CL
8/6/2021,8/6/2021 23:00,56.81,57.71,55.98,56.39,56.74026134,10796,17001,CL
8/9/2021,8/9/2021 23:00,56.01,56.01,53.9,54.93,54.68951946,13102,21372,CL
8/10/2021,8/10/2021 23:00,55.2,56.74,54.88,56.28,56.18697955,12253,17694,CL
8/11/2021,8/11/2021 23:00,56.43,57.19,55.02,57.07,56.18781659,9914,14496,CL
8/12/2021,8/12/2021 23:00,57.2,57.35,56.4,57.01,56.93863923,7175,10039,CL
8/13/2021,8/13/2021 23:00,56.89,57.06,55.91,56.42,56.57034273,7309,10118,CL
8/16/2021,8/16/2021 23:00,55.9,56.27,54.28,55.49,55.28883831,10822,17129,CL
8/17/2021,8/17/2021 23:00,55.6,55.8,54.73,54.91,55.23108272,9451,14269,CL
8/18/2021,8/18/2021 23:00,55.01,55.62,53.18,54,54.46184526,13479,21344,CL
8/19/2021,8/19/2021 23:00,53.38,53.5,51.7,52.55,52.40691818,19424,30670,CL
8/20/2021,8/20/2021 23:00,52.65,52.98,51.22,51.47,51.8695401,8212,14872,CL
8/23/2021,8/23/2021 23:00,51.15,54.6,51.15,54.37,53.69428186,11090,19320,CL
8/24/2021,8/24/2021 23:00,54.35,56.14,54.2,55.96,55.48303101,9858,17551,CL
8/25/2021,8/25/2021 23:00,56.04,56.75,55.45,56.63,56.1769351,12392,21823,CL
8/26/2021,8/26/2021 23:00,56.39,56.55,55.51,55.82,56.03463873,12609,22365,CL
8/27/2021,8/27/2021 23:00,56.15,57.12,55.9,57.01,56.86749104,9779,16307,CL
8/30/2021,8/30/2021 23:00,57.42,57.73,56.27,57.39,57.0985134,8138,14029,CL
8/31/2021,8/31/2021 23:00,57.3,57.5,56.59,56.87,56.99304667,10497,16900,CL
9/1/2021,9/1/2021 23:00,56.85,57.46,55.79,56.92,56.52179455,10640,18814,CL
9/2/2021,9/2/2021 23:00,56.63,58.55,56.3,58.1,57.93136571,13799,24211,CL
9/3/2021,9/3/2021 23:00,57.88,58.53,57.4,57.58,57.94978054,9226,15132,CL
9/6/2021,9/6/2021 23:00,57.41,57.72,56.73,57.28,57.22658013,2482,3806,CL
9/7/2021,9/7/2021 23:00,57.24,57.67,56.24,56.79,56.87167623,9736,17370,CL
9/8/2021,9/8/2021 23:00,56.78,57.89,56.75,57.5,57.46764694,9836,17219,CL
9/9/2021,9/9/2021 23:00,57.54,57.96,56.11,56.59,57.04661707,13253,27152,CL
9/10/2021,9/10/2021 23:00,56.47,58.05,56.22,57.86,57.6543063,10044,17877,CL
9/13/2021,9/13/2021 23:00,57.84,58.83,57.66,58.43,58.4243808,10973,20993,CL
9/14/2021,9/14/2021 23:00,58.55,59.05,58.07,58.45,58.61522535,10967,20943,CL
9/15/2021,9/15/2021 23:00,58.72,60.59,58.62,60.13,59.94946314,17248,33051,CL
9/16/2021,9/16/2021 23:00,60.17,60.45,59.32,60.19,59.9486261,13275,24967,CL
9/17/2021,9/17/2021 23:00,60.18,60.3,59.13,59.75,59.65064075,17496,31918,CL
9/20/2021,9/20/2021 23:00,59.75,59.83,58.02,58.37,58.67046983,22639,41754,CL
9/21/2021,9/21/2021 23:00,58.63,59.49,57.8,58.71,58.67130687,20289,36119,CL
9/22/2021,9/22/2021 23:00,58.99,60.23,58.82,60.17,59.73350746,22323,45297,CL
9/23/2021,9/23/2021 23:00,59.93,61.19,59.67,61.06,60.66094502,21169,43160,CL
9/24/2021,9/24/2021 23:00,61.03,61.82,60.66,61.61,61.30964908,21249,42897,CL
9/27/2021,9/27/2021 23:00,61.8,63.07,61.76,62.84,62.72089432,25030,51431,CL
9/28/2021,9/28/2021 23:00,62.82,63.83,61.82,62.69,62.85147217,29705,58760,CL
9/29/2021,9/29/2021 23:00,61.9,63.1,61.41,62.36,62.39193858,23781,47916,CL
9/30/2021,9/30/2021 23:00,62.33,63.38,60.95,62.53,62.26721999,37366,73356,CL
10/1/2021,10/1/2021 23:00,62.56,63.35,61.87,63.26,62.60873129,22402,42759,CL
10/4/2021,10/4/2021 23:00,63.31,65.35,62.8,64.73,64.51215458,33386,66368,CL
10/5/2021,10/5/2021 23:00,64.69,66.2,64.59,65.77,65.68568116,28208,54968,CL
10/6/2021,10/6/2021 23:00,65.77,66.45,64.02,64.5,64.8586881,40975,81803,CL
10/7/2021,10/7/2021 23:00,64.14,65.74,62.5,65.26,64.39999155,38146,75605,CL
10/8/2021,10/8/2021 23:00,65.68,66.64,65.46,65.93,66.09750361,38520,74469,CL
10/11/2021,10/11/2021 23:00,66.13,67.87,66.08,66.9,67.20825238,47043,88848,CL
10/12/2021,10/12/2021 23:00,66.87,67.62,66.03,66.9,66.90189665,52207,103273,CL
10/13/2021,10/13/2021 23:00,66.82,67.26,65.94,66.81,66.61395575,48764,94326,CL
10/14/2021,10/14/2021 23:00,66.91,67.92,66.79,67.61,67.41332657,53366,104541,CL
10/15/2021,10/15/2021 23:00,67.74,68.64,67.68,68.41,68.29137891,65823,128015,CL
10/18/2021,10/18/2021 23:00,68.64,69.62,67.98,68.38,68.80113475,138078,301612,CL
10/19/2021,10/19/2021 23:00,68.29,69.47,67.87,69.01,68.74923843,147006,337000,CL
10/20/2021,10/20/2021 23:00,69.02,70.02,67.62,69.83,68.85554219,157434,347994,CL
10/21/2021,10/21/2021 23:00,69.96,70.28,67.62,69.06,68.89571999,186556,406297,CL
10/22/2021,10/22/2021 23:00,69.15,70.5,68.44,70.11,69.50592033,149873,323698,CL
10/25/2021,10/25/2021 23:00,70.29,71.49,69.8,70.11,70.69116544,163779,345527,CL
10/26/2021,10/26/2021 23:00,70.08,71.05,69.45,70.86,70.34714302,149984,324018,CL
10/27/2021,10/27/2021 23:00,70.64,70.74,68.65,69.19,69.72773527,190473,427252,CL
10/28/2021,10/28/2021 23:00,68.85,69.65,67.45,69.32,68.55086054,182797,390785,CL
10/29/2021,10/29/2021 23:00,69.55,70.09,68.14,69.95,69.21546832,178247,375164,CL
11/1/2021,11/1/2021 23:00,69.78,71.05,69.26,70.35,70.33960969,147428,304123,CL
11/2/2021,11/2/2021 23:00,70.2,70.65,69.41,70.24,69.97884652,156850,317424,CL
11/3/2021,11/3/2021 23:00,69.53,69.54,66.7,67.68,68.16917144,201818,422993,CL
11/4/2021,11/4/2021 23:00,67.11,69.83,65.5,65.97,67.78831937,264220,555893,CL
11/5/2021,11/5/2021 23:00,66.44,68.47,66.09,68.03,67.22917832,192545,388737,CL
11/8/2021,11/8/2021 23:00,67.91,69.2,67.84,68.58,68.59857168,137222,272472,CL
11/9/2021,11/9/2021 23:00,68.77,70.84,68.45,70.44,69.40296472,152835,322085,CL
11/10/2021,11/10/2021 23:00,70.75,71.12,67.64,68.08,69.47997217,201655,411591,CL
11/11/2021,11/11/2021 23:00,68.14,68.91,67.13,68.29,68.09718621,170799,335661,CL
11/12/2021,11/12/2021 23:00,67.98,68.32,66.78,67.62,67.53888219,148639,292076,CL
11/15/2021,11/15/2021 23:00,67.52,67.97,66.38,67.7,67.03331154,135269,262695,CL
11/16/2021,11/16/2021 23:00,67.74,68.48,66.99,67.6,67.78162307,123108,247015,CL
11/17/2021,11/17/2021 23:00,67.48,67.57,65.22,65.74,66.48436484,169119,358848,CL
11/18/2021,11/18/2021 23:00,65.69,66.8,64.8,66.47,65.86805456,159356,327088,CL
11/19/2021,11/19/2021 23:00,66.37,67.25,63.66,64.38,64.92621039,250704,504723,CL
11/22/2021,11/22/2021 23:00,64.22,65.41,63.38,65.06,64.5532028,193945,382895,CL
11/23/2021,11/23/2021 23:00,64.82,66.85,63.84,66.55,65.51030637,197631,390253,CL
11/24/2021,11/24/2021 23:00,66.53,67.17,66.11,66.45,66.55048891,140862,270454,CL
11/25/2021,11/25/2021 23:00,66.41,66.68,65.92,66.15,66.25801705,49358,87012,CL
11/26/2021,11/26/2021 23:00,66.21,66.27,57.14,57.77,60.96130922,320393,634373,CL
11/29/2021,11/29/2021 23:00,58.69,61.83,58.38,59.3,60.3517809,296155,567695,CL
11/30/2021,11/30/2021 23:00,59.38,60.38,54.62,56.1,57.01505843,336922,616670,CL
12/1/2021,12/1/2021 23:00,56.81,58.91,54.97,55.59,57.31855097,259733,494173,CL
12/2/2021,12/2/2021 23:00,55.64,57.21,52.92,56.38,55.66205815,308053,559698,CL
12/3/2021,12/3/2021 23:00,57.22,58.68,55.61,56.17,57.34144007,201577,364904,CL
12/6/2021,12/6/2021 23:00,56.82,59.47,56.56,58.91,57.88569206,174133,318409,CL
12/7/2021,12/7/2021 23:00,59.1,61.91,58.94,61.08,60.79854227,182243,344785,CL
12/8/2021,12/8/2021 23:00,60.92,61.89,60.11,61.34,61.10288255,184320,338246,CL
12/9/2021,12/9/2021 23:00,61.48,62.17,59.67,60.14,60.81888814,143340,272874,CL
12/10/2021,12/10/2021 23:00,59.92,61.32,59.61,60.76,60.52472078,136396,255682,CL
12/13/2021,12/13/2021 23:00,61.07,61.89,59.94,60.44,60.73750466,128309,241121,CL
12/14/2021,12/14/2021 23:00,60.29,61.06,58.93,59.96,59.90162855,130973,250196,CL
12/15/2021,12/15/2021 23:00,59.64,60.75,58.82,60.08,59.50064539,115304,214726,CL
12/16/2021,12/16/2021 23:00,60.61,61.85,60.26,61.35,60.99623951,111660,211135,CL
12/17/2021,12/17/2021 23:00,61.04,61.26,59.26,60.13,60.21229609,131873,251220,CL
12/20/2021,12/20/2021 23:00,59.42,59.5,56.22,58.34,57.57647766,201578,382762,CL
12/21/2021,12/21/2021 23:00,58.85,60.84,58.29,60.47,59.63241604,142460,285549,CL
12/22/2021,12/22/2021 23:00,60.6,62.21,60.2,61.87,60.99113792,116716,237857,CL
12/23/2021,12/23/2021 23:00,62.09,62.88,61.45,62.74,62.20956625,102373,198465,CL
12/27/2021,12/27/2021 23:00,62.39,64.7,61.7,64.25,63.25879204,108655,218238,CL
12/28/2021,12/28/2021 23:00,64.59,65.4,64.22,64.6,64.76545986,104203,207771,CL
12/29/2021,12/29/2021 23:00,64.65,65.78,64.08,65.1,64.74845458,117097,237183,CL
12/30/2021,12/30/2021 23:00,65.11,65.84,64.43,65.46,65.21014794,96700,192898,CL
12/31/2021,12/31/2021 23:00,65.18,65.54,63.73,63.95,64.56904888,98663,191095,CL
1/3/2022,1/3/2022 23:00,64.36,65.01,63.15,64.69,64.29016228,122965,235745,CL
1/4/2022,1/4/2022 23:00,64.64,66.01,64.36,65.46,65.2773188,138444,275909,CL
1/5/2022,1/5/2022 23:00,65.62,66.81,65.05,66.19,66.06806432,135733,274865,CL
1/6/2022,1/6/2022 23:00,65.67,68.23,65.24,67.56,67.22357311,166394,321214,CL
1/7/2022,1/7/2022 23:00,67.7,68.42,66.76,67.09,67.54922423,135214,264222,CL
1/10/2022,1/10/2022 23:00,67.07,67.55,66.18,66.52,66.791639,137987,270147,CL
1/11/2022,1/11/2022 23:00,66.68,69.37,66.63,69.06,68.12145191,148162,303310,CL
1/12/2022,1/12/2022 23:00,69.19,70.66,69.02,70.27,69.88234867,137304,268317,CL
1/13/2022,1/13/2022 23:00,70.42,70.52,69.2,69.82,70.01924118,107832,206583,CL
1/14/2022,1/14/2022 23:00,69.49,71.8,69.36,71.27,70.52854932,129925,246663,CL
1/17/2022,1/17/2022 23:00,71.67,71.95,70.95,71.65,71.39660946,49202,81317,CL
1/18/2022,1/18/2022 23:00,71.62,73.56,71.5,72.58,72.35313871,140769,266280,CL
1/19/2022,1/19/2022 23:00,73.49,74.26,72.72,73.41,73.42345901,157630,303746,CL
1/20/2022,1/20/2022 23:00,72.77,74.52,72.04,73.19,73.35929113,162045,328074,CL
1/21/2022,1/21/2022 23:00,72.36,73.2,70.82,72.84,72.25902582,189745,366290,CL
1/24/2022,1/24/2022 23:00,72.65,73.66,70.07,71.28,71.60793569,208744,401337,CL
1/25/2022,1/25/2022 23:00,72,73.33,71,73.24,72.10416733,173067,327024,CL
1/26/2022,1/26/2022 23:00,72.95,75.25,72.73,74.73,74.30042009,169989,326726,CL
1/27/2022,1/27/2022 23:00,74.56,75.75,73.75,74.1,74.69141639,172650,322231,CL
1/28/2022,1/28/2022 23:00,74.86,76.01,73.96,74.28,74.89760919,175697,326222,CL
1/31/2022,1/31/2022 23:00,74.82,75.62,73.87,75.42,74.87023089,127718,244970,CL
2/1/2022,2/1/2022 23:00,75.42,76.03,74.05,75.46,75.17567002,129486,261732,CL
2/2/2022,2/2/2022 23:00,75.59,76.76,74.52,75.51,75.49822058,164890,328070,CL
2/3/2022,2/3/2022 23:00,75.27,77.39,74.22,77.23,75.69500209,151251,310330,CL
2/4/2022,2/4/2022 23:00,77.16,79.71,77.06,78.98,78.77933835,157681,296888,CL
2/7/2022,2/7/2022 23:00,78.56,79.34,77.63,78.13,78.28139558,165006,291023,CL
2/8/2022,2/8/2022 23:00,78.4,78.44,75.73,76.45,76.78842282,173926,330300,CL
2/9/2022,2/9/2022 23:00,76.88,77.5,75.64,76.71,76.57367431,142571,263180,CL
2/10/2022,2/10/2022 23:00,77.01,78.49,76.17,76.9,77.29577689,171904,322007,CL
2/11/2022,2/11/2022 23:00,77,80.99,76.31,79.65,78.6929256,191967,360825,CL
2/14/2022,2/14/2022 23:00,80.35,81.98,78.79,81.67,80.22439909,197377,351486,CL
2/15/2022,2/15/2022 23:00,81.13,81.42,77.57,78.77,78.98039772,172689,315594,CL
2/16/2022,2/16/2022 23:00,78.89,81.29,77,80.13,79.75640133,162913,287305,CL
2/17/2022,2/17/2022 23:00,77.77,79.88,77.53,78.51,78.68779217,85463,144926,CL
2/18/2022,2/18/2022 23:00,78.52,79.41,76.26,78.66,77.79752736,211184,392519,CL
2/21/2022,2/21/2022 23:00,79.62,81.04,77.65,80.94,79.01733706,119484,210647,CL
2/22/2022,2/22/2022 23:00,81.88,82.79,79.38,80.14,80.89282718,257455,444048,CL
2/23/2022,2/23/2022 23:00,79.99,81.87,79.03,80.3,80.35223961,200383,365899,CL
2/24/2022,2/24/2022 23:00,80.67,87.66,79.74,80.92,84.3377651,426319,700331,CL
2/25/2022,2/25/2022 23:00,81.37,83.39,78.52,79.86,80.65043469,265592,434359,CL
2/28/2022,2/28/2022 23:00,82.82,86.41,82.33,83.46,83.58966165,219708,374194,CL
3/1/2022,3/1/2022 23:00,83.78,93.1,83.11,90.16,89.0295421,327026,523996,CL
3/2/2022,3/2/2022 23:00,93.4,98.1,91.71,96.43,95.13207829,328765,531587,CL
3/3/2022,3/3/2022 23:00,97.07,101.64,92.8,93.88,97.27611836,332062,495776,CL
3/4/2022,3/4/2022 23:00,94.13,101.16,93.51,100.86,97.6397071,266600,398931,CL
3/7/2022,3/7/2022 23:00,105.79,113.78,100.74,104.11,105.5096159,302699,445436,CL
3/8/2022,3/8/2022 23:00,105.21,112.86,102.08,107.86,108.313696,309080,452017,CL
3/9/2022,3/9/2022 23:00,108.69,110.59,90.36,94.78,101.8432115,308920,444098,CL
3/10/2022,3/10/2022 23:00,96.27,100.17,92.01,92.44,96.14524403,214146,295618,CL
3/11/2022,3/11/2022 23:00,92.41,96.16,91.1,95.33,94.08229209,170670,247236,CL
3/14/2022,3/14/2022 23:00,95.4,95.67,86.98,89.82,89.90232946,171071,245379,CL
3/15/2022,3/15/2022 23:00,89.18,89.44,81.55,84.09,83.97330444,209777,297127,CL
3/16/2022,3/16/2022 23:00,83.03,86.51,82.02,82.87,84.32294254,159323,220571,CL
3/17/2022,3/17/2022 23:00,83.13,90.89,82.7,89.79,87.88558904,89196,129667,CL
3/18/2022,3/18/2022 23:00,90.3,92.46,89.18,91.06,90.66080952,109876,156225,CL
3/21/2022,3/21/2022 23:00,91.53,98.12,90.51,97.14,95.5500061,122265,187356,CL
3/22/2022,3/22/2022 23:00,97.97,100.12,94.6,96.52,96.90944125,169608,253043,CL
3/23/2022,3/23/2022 23:00,96.15,101.94,95.73,101.52,99.88535874,155812,224802,CL
3/24/2022,3/24/2022 23:00,101.11,103.03,97.7,99.23,100.3561703,164869,240894,CL
3/25/2022,3/25/2022 23:00,98.71,100.8,96,100.61,98.61160599,171054,253610,CL
3/28/2022,3/28/2022 23:00,99.74,99.75,90.83,93.6,94.58100002,189878,298655,CL
3/29/2022,3/29/2022 23:00,91.4,95.26,86.95,92.08,91.11395457,210873,318991,CL
3/30/2022,3/30/2022 23:00,92.96,96.06,92.35,95.24,94.6101497,151946,220121,CL
3/31/2022,3/31/2022 23:00,94.91,95.22,88.03,88.58,90.5406775,232942,350765,CL
4/1/2022,4/1/2022 23:00,89.42,89.88,86.37,87.69,88.06737118,165525,240779,CL
4/4/2022,4/4/2022 23:00,87.4,91.81,86.61,91.23,89.78278578,146359,219518,CL
4/5/2022,4/5/2022 23:00,91.57,93.27,88.23,90.06,91.40103476,148455,217171,CL
4/6/2022,4/6/2022 23:00,89.43,91.88,84.56,85,88.56291577,174962,267120,CL
4/7/2022,4/7/2022 23:00,85.82,87.29,82.86,84.83,85.25221861,161600,236608,CL
4/8/2022,4/8/2022 23:00,85.83,87.24,84.17,86.8,85.55431531,133810,197145,CL
4/11/2022,4/11/2022 23:00,86.92,87.03,82.09,83.29,83.83271745,138922,201995,CL
4/12/2022,4/12/2022 23:00,84.07,89.52,83.77,88.86,87.40487842,144845,218946,CL
4/13/2022,4/13/2022 23:00,89.14,92.28,88.22,92.09,90.35606285,129063,189424,CL
4/14/2022,4/14/2022 23:00,92.04,95.08,90.21,94.47,92.05204432,108382,165168,CL
4/18/2022,4/18/2022 23:00,94.54,97,93.63,95.58,95.28854229,19192,28489,CL
4/19/2022,4/19/2022 23:00,95.1,96.26,90.17,90.65,92.36988324,152065,233621,CL
4/20/2022,4/20/2022 23:00,90.94,92.34,88.72,90.77,91.00730955,148968,227891,CL
4/21/2022,4/21/2022 23:00,91.05,93.64,90.61,92.19,92.02701919,139004,214764,CL
4/22/2022,4/22/2022 23:00,92.44,92.57,89.77,90.66,90.86163674,129717,190587,CL
4/25/2022,4/25/2022 23:00,90.05,90.2,84.63,87.53,86.60781313,169516,257150,CL
4/26/2022,4/26/2022 23:00,87.62,91.29,86.21,90.33,89.01852043,171827,260237,CL
4/27/2022,4/27/2022 23:00,90.39,91.48,88.65,90.62,90.05954805,136695,205064,CL
4/28/2022,4/28/2022 23:00,90.7,93.87,88.94,93.59,91.58467128,139975,216883,CL
4/29/2022,4/29/2022 23:00,93.42,95.92,92.18,92.99,94.20322881,137745,208355,CL
5/2/2022,5/2/2022 23:00,92.38,94.1,89.07,93.42,91.54470008,128830,197869,CL
5/3/2022,5/3/2022 23:00,93.34,93.98,90.69,90.97,92.22154569,112415,168381,CL
5/4/2022,5/4/2022 23:00,91.93,96.47,91.45,95.76,94.52566313,128060,204457,CL
5/5/2022,5/5/2022 23:00,95.56,98.92,94.55,96.16,96.51978174,135070,211445,CL
5/6/2022,5/6/2022 23:00,96.55,98.76,95.26,97.5,97.46487848,124583,182422,CL
5/9/2022,5/9/2022 23:00,98.09,98.14,90.72,91.57,94.03801453,166006,253143,CL
5/10/2022,5/10/2022 23:00,91.18,92.52,87.81,88.61,90.12083722,172859,263350,CL
5/11/2022,5/11/2022 23:00,87.94,94.55,87.23,93.9,92.36988324,155764,235032,CL
5/12/2022,5/12/2022 23:00,93.83,95.37,91.19,94.27,93.50417698,133938,196151,CL
5/13/2022,5/13/2022 23:00,94.73,98.28,94.41,98.14,96.71341998,102495,159405,CL
5/16/2022,5/16/2022 23:00,98.58,102.06,96.03,101.44,98.85498789,125305,187527,CL
5/17/2022,5/17/2022 23:00,101.14,102.65,99.26,99.84,101.3314256,106444,166839,CL
5/18/2022,5/18/2022 23:00,100.88,102.35,96.59,97.48,99.33737627,138703,223925,CL
5/19/2022,5/19/2022 23:00,97.41,100.32,94.02,100.08,97.29469404,158622,242896,CL
5/20/2022,5/20/2022 23:00,99.5,101.12,98.47,100.43,100.0477161,117348,177950,CL
5/23/2022,5/23/2022 23:00,100.69,101.96,99.4,100.44,100.6760936,106806,156406,CL
5/24/2022,5/24/2022 23:00,100.55,101.48,98.91,99.97,100.1916054,111692,169414,CL
5/25/2022,5/25/2022 23:00,100.53,101.71,99.47,100.48,100.6269162,91510,141649,CL
5/26/2022,5/26/2022 23:00,100.8,104.57,100.42,103.9,102.8326123,106674,167342,CL
5/27/2022,5/27/2022 23:00,104,105,102.77,104.79,103.971888,106368,162839,CL
5/30/2022,5/30/2022 23:00,104.69,106.87,104.6,106.71,105.5992947,52863,76966,CL
5/31/2022,5/31/2022 23:00,107.06,109.26,103.96,104.43,106.9471189,172722,283427,CL
6/1/2022,6/1/2022 23:00,105.09,107.34,104.35,104.97,105.7623086,134274,206934,CL
6/2/2022,6/2/2022 23:00,104.55,107.25,101.27,106.43,104.232346,151158,247833,CL
6/3/2022,6/3/2022 23:00,107.05,109.7,104.94,108.25,107.3277882,111184,172189,CL
6/6/2022,6/6/2022 23:00,110.03,110.18,107.12,107.92,108.3268173,112470,175719,CL
6/7/2022,6/7/2022 23:00,108.46,109.61,106.68,108.75,108.3550488,133107,212654,CL
6/8/2022,6/8/2022 23:00,109.09,112.18,108.65,111.2,110.229253,140834,225668,CL
6/9/2022,6/9/2022 23:00,111.5,111.76,110,110.66,110.8594519,113695,180236,CL
6/10/2022,6/10/2022 23:00,110.61,111.79,107.76,109.89,109.9114215,139464,229894,CL
6/13/2022,6/13/2022 23:00,109.46,111.33,106.98,110.13,108.8204124,158482,254266,CL
6/14/2022,6/14/2022 23:00,110.28,112.63,106.2,108.31,110.4368908,151717,244410,CL
6/15/2022,6/15/2022 23:00,108.44,108.93,104.37,105.01,106.9953856,131420,212056,CL
6/16/2022,6/16/2022 23:00,105.62,107.53,102.28,107.09,105.0665399,65519,107432,CL
6/17/2022,6/17/2022 23:00,106.61,108.32,98.87,100.34,102.8316914,183628,298135,CL
6/20/2022,6/20/2022 23:00,101.05,101.62,99.26,101.07,100.4669221,72960,112945,CL
6/21/2022,6/21/2022 23:00,101.15,103.29,101,101.76,102.1496715,144943,227475,CL
6/22/2022,6/22/2022 23:00,101.78,101.99,94.34,98.67,97.30491426,200539,339546,CL
6/23/2022,6/23/2022 23:00,97.03,99.47,95.07,96.89,97.46287527,154632,251994,CL
6/24/2022,6/24/2022 23:00,96.63,100.89,96.3,100,98.82877346,143791,232438,CL
6/27/2022,6/27/2022 23:00,99.63,102.71,98.12,101.81,100.6100162,141046,221837,CL
6/28/2022,6/28/2022 23:00,102.38,104.27,101.86,103.85,103.1717722,141812,222612,CL
6/29/2022,6/29/2022 23:00,103.94,105.97,101.49,102.01,104.0377702,151636,245804,CL
6/30/2022,6/30/2022 23:00,101.93,102.63,97.66,98.27,100.0023309,173901,274228,CL
7/1/2022,7/1/2022 23:00,98.5,101.6,97.16,100.75,99.93635893,145303,219122,CL
7/4/2022,7/4/2022 23:00,101.1,102.93,99.65,100.75,101.4249092,65506,94410,CL
7/5/2022,7/5/2022 23:00,102.91,103.56,90.53,92.45,95.64074851,241065,393437,CL
7/6/2022,7/6/2022 23:00,93.25,94.91,88.37,91.55,91.51239093,220425,342748,CL
7/7/2022,7/7/2022 23:00,91.26,97.08,89.73,95.45,94.37984794,177398,288189,CL
7/8/2022,7/8/2022 23:00,94.98,97.79,94.32,97.37,96.21126653,151623,234832,CL
7/11/2022,7/11/2022 23:00,97.37,97.61,93.75,96.72,95.76711732,153304,233632,CL
7/12/2022,7/12/2022 23:00,96.13,96.16,88.6,89.05,91.51889521,179988,276346,CL
7/13/2022,7/13/2022 23:00,89.1,91.02,87.04,89.48,89.26841534,159925,234280,CL
7/14/2022,7/14/2022 23:00,89.73,90.13,84.15,89,87.39425436,168519,250558,CL
7/15/2022,7/15/2022 23:00,89.56,92.02,87.87,90.68,90.40387628,109705,161348,CL
7/18/2022,7/18/2022 23:00,90.38,95.52,89.06,95.33,93.18770687,26366,38728,CL
7/19/2022,7/19/2022 23:00,94.8,96.84,92.55,96.6,94.89781752,146852,226471,CL
7/20/2022,7/20/2022 23:00,96.22,96.58,94.13,95.78,95.38110454,145890,223147,CL
7/21/2022,7/21/2022 23:00,95.8,95.88,90.7,92.39,92.68371091,159476,241663,CL
7/22/2022,7/22/2022 23:00,92.54,93.92,90.36,90.81,92.169739,146881,226865,CL
7/25/2022,7/25/2022 23:00,91.19,92.96,89.19,92.73,91.58001377,135873,208974,CL
7/26/2022,7/26/2022 23:00,92.37,94.93,90.87,91.08,92.96466944,145520,226823,CL
7/27/2022,7/27/2022 23:00,91.67,94.54,90.42,93.26,92.41905373,145760,236060,CL
7/28/2022,7/28/2022 23:00,94.14,95.74,92.09,92.46,93.86220248,152686,239543,CL
7/29/2022,7/29/2022 23:00,93.3,97.69,92.45,94.57,95.21617326,157670,261562,CL
8/1/2022,8/1/2022 23:00,94.41,94.6,88.62,90.03,90.96056255,174207,271825,CL
8/2/2022,8/2/2022 23:00,89.9,92.51,88.78,90.54,90.34494694,151365,236742,CL
8/3/2022,8/3/2022 23:00,89.97,92.6,86.67,86.93,89.37357838,180427,297729,CL
8/4/2022,8/4/2022 23:00,87.21,88.12,83.95,84.9,85.90522688,158864,253712,CL
8/5/2022,8/5/2022 23:00,84.44,87.03,83.43,85.35,85.30207701,144750,228819,CL
8/8/2022,8/8/2022 23:00,84.82,87.15,83.64,87.03,85.52262466,137018,215319,CL
8/9/2022,8/9/2022 23:00,86.96,88.84,85.39,86.78,87.23234838,139293,219900,CL
8/10/2022,8/10/2022 23:00,86.79,88.63,84.06,88.15,86.37317146,156796,253199,CL
8/11/2022,8/11/2022 23:00,87.79,91.14,87.49,90.46,89.44357828,127343,203027,CL
8/12/2022,8/12/2022 23:00,90.22,90.91,87.41,88.31,88.92960637,117933,186390,CL
8/15/2022,8/15/2022 23:00,88.16,88.31,83.25,85.74,84.9587898,129263,204816,CL
8/16/2022,8/16/2022 23:00,84.32,86.92,82.21,82.97,84.51961231,132940,211672,CL
8/17/2022,8/17/2022 23:00,83.52,85.5,82.35,84.49,83.72468187,106520,163876,CL
8/18/2022,8/18/2022 23:00,83.92,87.71,83.75,86.82,86.05749822,108503,171304,CL
8/19/2022,8/19/2022 23:00,86.71,88.34,84.74,87.14,86.64523053,113158,184418,CL
8/22/2022,8/22/2022 23:00,86.36,87.71,83.13,87.06,85.56515198,165736,271723,CL
8/23/2022,8/23/2022 23:00,87.24,90.78,87.12,90.32,89.36325156,131512,219120,CL
8/24/2022,8/24/2022 23:00,90.36,91.92,89.4,91.43,90.69191196,151252,250610,CL
8/25/2022,8/25/2022 23:00,91.87,92.26,88.92,89.14,90.92507789,125829,204083,CL
8/26/2022,8/26/2022 23:00,89.66,90.59,87.76,89.66,89.25630355,128527,205186,CL
8/29/2022,8/29/2022 23:00,89.57,93.82,88.92,93.47,91.72670621,133460,214496,CL
8/30/2022,8/30/2022 23:00,93.36,94.09,87.23,88.29,90.21016417,184070,308171,CL
8/31/2022,8/31/2022 23:00,88.94,89.34,85.05,86.28,86.92753473,167313,272786,CL
9/1/2022,9/1/2022 23:00,85.59,86.36,82.84,83.45,84.32224268,155977,245165,CL
9/2/2022,9/2/2022 23:00,83.4,86.39,83.2,83.7,84.96874822,132991,210546,CL
9/5/2022,9/5/2022 23:00,83.67,87.09,83.64,83.7,86.00450596,74196,113526,CL
9/6/2022,9/6/2022 23:00,85.7,86.21,83.03,83.71,84.10256569,139250,226711,CL
9/7/2022,9/7/2022 23:00,83.76,84.56,78.52,78.95,81.14559775,179296,301757,CL
9/8/2022,9/8/2022 23:00,78.92,81.17,78.24,80.49,79.94797275,140724,234316,CL
9/9/2022,9/9/2022 23:00,79.78,84.02,79.69,83.62,82.50027254,116578,194689,CL
9/12/2022,9/12/2022 23:00,83.1,85.85,82.05,84.58,84.50337985,108125,176309,CL
9/13/2022,9/13/2022 23:00,84.87,86.05,81.95,84.12,84.23456458,141396,232730,CL
9/14/2022,9/14/2022 23:00,84.73,86.9,83.03,85.25,85.08436769,129787,208252,CL
9/15/2022,9/15/2022 23:00,85.66,85.9,81.44,81.99,83.26143405,101257,159215,CL
9/16/2022,9/16/2022 23:00,82,83.48,81.23,82.1,82.44775549,103276,161480,CL
9/19/2022,9/19/2022 23:00,82.15,83.18,79.17,82.68,81.20792505,113513,188841,CL
9/20/2022,9/20/2022 23:00,82.35,83.42,80.4,81.31,81.79200142,132812,215002,CL
9/21/2022,9/21/2022 23:00,81.61,83.96,79.9,80.34,81.7193551,160256,263118,CL
9/22/2022,9/22/2022 23:00,80.46,83.3,79.81,80.87,81.34256288,145352,234247,CL
9/23/2022,9/23/2022 23:00,80.92,81.29,75.59,76.27,77.3702624,158174,266134,CL
9/26/2022,9/26/2022 23:00,76.74,77.79,73.86,74.3,75.76332592,145581,231194,CL
9/27/2022,9/27/2022 23:00,74.07,77.01,74.02,76.04,75.77010624,134309,215649,CL
9/28/2022,9/28/2022 23:00,75.63,79.76,74.15,79.57,77.34023525,145340,232321,CL
9/29/2022,9/29/2022 23:00,79.33,80.34,77.82,78.68,79.30556022,130877,206545,CL
9/30/2022,9/30/2022 23:00,79.17,79.97,76.66,77,78.0996314,125416,196990,CL
10/3/2022,10/3/2022 23:00,78.48,81.91,78.33,81.01,80.46983849,130849,214863,CL
10/4/2022,10/4/2022 23:00,80.61,84.25,80.61,83.8,82.93593872,129250,219061,CL
10/5/2022,10/5/2022 23:00,83.66,85.65,82.74,85.01,84.31718732,147881,247244,CL
10/6/2022,10/6/2022 23:00,85.32,86.27,84.31,85.67,85.33036125,99916,167072,CL
10/7/2022,10/7/2022 23:00,86.14,90.38,85.24,89.73,87.97856158,137819,237489,CL
10/10/2022,10/10/2022 23:00,90.55,90.7,87.7,88.27,89.26391704,114619,184034,CL
10/11/2022,10/11/2022 23:00,88.28,88.48,85.15,86.55,86.69030026,129346,208680,CL
10/12/2022,10/12/2022 23:00,85.89,87.24,83.57,84.53,85.29936549,121238,191452,CL
10/13/2022,10/13/2022 23:00,84.35,86.85,82.87,86.31,84.89254613,116946,185355,CL
10/14/2022,10/14/2022 23:00,86.47,86.91,82.53,82.92,84.3714299,100480,157610,CL
10/17/2022,10/17/2022 23:00,82.9,84.39,81.95,82.78,83.28560965,71648,110957,CL
10/18/2022,10/18/2022 23:00,83.04,83.76,79.61,80.37,81.36985766,137121,227069,CL
10/19/2022,10/19/2022 23:00,81.19,83.26,80.03,82.77,81.52262445,136643,224691,CL
10/20/2022,10/20/2022 23:00,83.15,85.33,82.42,82.76,83.80727132,148045,237765,CL
10/21/2022,10/21/2022 23:00,83.31,84.12,81.43,83.29,82.91711101,130265,202964,CL
10/24/2022,10/24/2022 23:00,83.47,84.14,80.92,82.83,82.6624997,127486,199504,CL
10/25/2022,10/25/2022 23:00,83.12,84.25,81.34,83.55,83.00230787,110445,181405,CL
10/26/2022,10/26/2022 23:00,83.31,86.58,82.4,86.09,85.02548851,128566,218305,CL
10/27/2022,10/27/2022 23:00,86.43,87.93,85.52,87.23,86.98697488,119575,197551,CL
10/28/2022,10/28/2022 23:00,86.83,86.92,85.28,86.08,86.14969538,112797,189270,CL
10/31/2022,10/31/2022 23:00,86.56,86.81,83.53,84.74,84.87663882,125664,212823,CL
11/1/2022,11/1/2022 23:00,84.64,87.6,84.14,86.54,86.37101136,123359,207382,CL
11/2/2022,11/2/2022 23:00,86.78,88.49,85.9,88.13,87.34832708,126034,216172,CL
11/3/2022,11/3/2022 23:00,87.5,87.81,85.78,86.34,86.71767445,105984,172900,CL
11/4/2022,11/4/2022 23:00,86.08,90.95,86,90.69,89.50468903,148107,263663,CL
11/7/2022,11/7/2022 23:00,89.11,91.8,88.53,89.89,90.32532086,120799,212530,CL
11/8/2022,11/8/2022 23:00,89.97,90.26,86.69,87.07,88.71539396,118934,217740,CL
11/9/2022,11/9/2022 23:00,86.73,87.39,83.73,84.05,85.49260234,139847,245897,CL
11/10/2022,11/10/2022 23:00,84.07,85.54,82.94,84.68,84.24108982,128599,227047,CL
11/11/2022,11/11/2022 23:00,84.48,88.23,84.39,87.12,87.02222875,113038,200348,CL
11/14/2022,11/14/2022 23:00,87.17,87.98,83.39,84.09,85.65809969,115759,200783,CL
11/15/2022,11/15/2022 23:00,83.48,86.84,82.32,85.12,84.15197586,125980,216289,CL
11/16/2022,11/16/2022 23:00,85.09,85.7,82.45,83.82,83.9678723,88896,148463,CL
11/17/2022,11/17/2022 23:00,83.8,83.8,80.06,80.27,81.62404765,125925,213418,CL
11/18/2022,11/18/2022 23:00,80.72,81.28,76.51,78.99,78.52975502,155277,271668,CL
11/21/2022,11/21/2022 23:00,79.14,79.38,74.22,78.93,77.10192336,203011,365414,CL
11/22/2022,11/22/2022 23:00,79.1,81.21,78.74,79.82,80.03844454,114652,202268,CL
11/23/2022,11/23/2022 23:00,79.95,80.81,75.76,76.85,77.47860271,163452,278559,CL
11/24/2022,11/24/2022 23:00,76.43,77.12,75.82,76.85,76.56845863,52391,79639,CL
11/25/2022,11/25/2022 23:00,76.93,78.79,75.16,75.22,77.23405696,81656,137547,CL
11/28/2022,11/28/2022 23:00,74.87,76.76,72.57,76.16,74.41487829,167558,295556,CL
11/29/2022,11/29/2022 23:00,75.47,78.54,75.23,77.11,77.39182841,162435,287427,CL
11/30/2022,11/30/2022 23:00,77.9,80.25,77.31,79.43,79.07801082,127024,223335,CL
12/1/2022,12/1/2022 23:00,79.28,82.18,78.82,80.09,80.64882286,127547,224718,CL
12/2/2022,12/2/2022 23:00,80.34,81.07,78.54,78.87,79.91321345,121728,205585,CL
12/5/2022,12/5/2022 23:00,78.88,81.57,75.7,75.86,78.89460151,149979,265936,CL
12/6/2022,12/6/2022 23:00,76.27,76.8,72.39,73.22,74.48291723,154602,283618,CL
12/7/2022,12/7/2022 23:00,73.51,74.33,70.75,71.01,72.5127462,152991,264271,CL
12/8/2022,12/8/2022 23:00,71.37,74.39,70.13,70.46,71.88659075,165072,293517,CL
12/9/2022,12/9/2022 23:00,70.85,71.9,69.1,70.03,70.72006806,132734,228911,CL
12/12/2022,12/12/2022 23:00,70.79,72.96,69.27,72.15,71.41229031,120927,207750,CL
12/13/2022,12/13/2022 23:00,72.27,75.31,72.19,74.34,73.81140248,128179,214353,CL
12/14/2022,12/14/2022 23:00,74.22,76.67,73.86,76.2,75.57449848,113853,196567,CL
12/15/2022,12/15/2022 23:00,76.29,76.69,74.28,75.05,75.53998597,86889,143946,CL
12/16/2022,12/16/2022 23:00,75.23,75.47,72.34,73.38,73.48090702,110344,187796,CL
12/19/2022,12/19/2022 23:00,73.54,75.53,72.96,74.29,74.33833868,105163,179600,CL
12/20/2022,12/20/2022 23:00,74.68,75.85,73.38,75.13,74.70595018,110917,191365,CL
12/21/2022,12/21/2022 23:00,74.89,77.47,74.7,77.16,76.52232551,103966,183982,CL
12/22/2022,12/22/2022 23:00,77.3,78.75,75.92,76.37,77.33343614,98534,175836,CL
12/23/2022,12/23/2022 23:00,77.05,79.17,76.85,78.41,78.24704435,97282,167368,CL
12/27/2022,12/27/2022 23:00,78.75,80.01,78.02,78.38,79.02168949,87306,152425,CL
12/28/2022,12/28/2022 23:00,78.74,78.77,76.18,77.82,77.42312152,96549,165410,CL
12/29/2022,12/29/2022 23:00,77.68,77.68,75.68,77.27,76.73224843,92278,158457,CL
12/30/2022,12/30/2022 23:00,77.59,79.5,76.59,79.1,77.86662065,88118,153506,CL
1/3/2023,1/3/2023 23:00,79.41,80.32,75.49,75.82,77.54730127,137852,246073,CL
1/4/2023,1/4/2023 23:00,76.13,76.3,71.68,71.79,73.27295521,143947,259094,CL
1/5/2023,1/5/2023 23:00,72.19,73.84,71.41,72.61,72.73779959,129171,233149,CL
1/6/2023,1/6/2023 23:00,72.9,74.38,72.18,72.7,73.2286053,107817,191303,CL
1/9/2023,1/9/2023 23:00,72.41,75.63,72.41,73.55,74.38367414,121581,219370,CL
1/10/2023,1/10/2023 23:00,73.78,74.82,72.77,74.03,73.9086373,106399,186990,CL
1/11/2023,1/11/2023 23:00,73.7,76.72,73.24,76.29,75.36725666,129575,242116,CL
1/12/2023,1/12/2023 23:00,76.58,78.02,75.99,77.26,77.25656295,111339,195680,CL
1/13/2023,1/13/2023 23:00,77.19,78.95,76.84,78.71,78.02923699,88924,155482,CL
1/16/2023,1/16/2023 23:00,78.94,79.06,77.4,78.71,78.07654357,39573,62946,CL
1/17/2023,1/17/2023 23:00,77.7,80.06,77.54,79.02,79.01971839,87282,156083,CL
1/18/2023,1/18/2023 23:00,79.9,81.19,77.8,78.38,79.84775837,121323,225468,CL
1/19/2023,1/19/2023 23:00,78.02,80.04,77.06,79.18,78.65924072,126083,229920,CL
1/20/2023,1/20/2023 23:00,79.4,80.46,78.49,80.19,79.69649249,113362,213190,CL
1/23/2023,1/23/2023 23:00,80.34,81.17,79.61,80.17,80.55202874,114300,216487,CL
1/24/2023,1/24/2023 23:00,80.17,80.76,78.25,78.71,79.50102553,112742,212492,CL
1/25/2023,1/25/2023 23:00,78.84,79.79,78.04,78.73,78.90971345,116600,223176,CL
1/26/2023,1/26/2023 23:00,79.05,80.68,78.5,79.57,79.70238596,114203,222498,CL
1/27/2023,1/27/2023 23:00,79.78,81.02,77.64,78.27,79.29966511,137666,277132,CL
1/30/2023,1/30/2023 23:00,78.62,79.06,76.28,76.52,77.43830897,128767,252764,CL
1/31/2023,1/31/2023 23:00,76.53,77.84,75.19,77.47,76.64072523,126717,247033,CL
2/1/2023,2/1/2023 23:00,77.66,78.31,74.7,75.05,76.55330533,143663,281351,CL
2/2/2023,2/2/2023 23:00,75.43,75.87,73.64,74.53,74.8373216,136037,268362,CL
2/3/2023,2/3/2023 23:00,74.57,76.62,71.8,72.09,73.9935723,169627,334061,CL
2/6/2023,2/6/2023 23:00,71.93,73.19,70.97,72.79,72.26089038,150038,295122,CL
2/7/2023,2/7/2023 23:00,73.25,76.22,73.03,75.77,74.63203219,132454,256559,CL
2/8/2023,2/8/2023 23:00,76.11,77.18,75.71,77.08,76.53267817,118585,230355,CL
2/9/2023,2/9/2023 23:00,77.06,77.44,75.16,76.67,76.42954234,114027,215788,CL
2/10/2023,2/10/2023 23:00,76.3,78.9,76.09,78.3,77.88031966,125179,237146,CL
2/13/2023,2/13/2023 23:00,78.52,79.19,77.06,78.72,78.03551452,101865,186728,CL
2/14/2023,2/14/2023 23:00,77.66,78.2,76.08,77.66,77.45991838,106701,193551,CL
2/15/2023,2/15/2023 23:00,77.43,77.74,75.88,77.19,76.83619218,96032,180187,CL
2/16/2023,2/16/2023 23:00,77.15,78.13,76.54,77.1,77.28606084,34279,62560,CL
2/17/2023,2/17/2023 23:00,76.71,76.86,73.75,74.95,74.87386828,133711,255100,CL
2/20/2023,2/20/2023 23:00,75.04,76.12,74.72,74.95,75.55925743,45253,82491,CL
2/21/2023,2/21/2023 23:00,75.77,76.01,74.32,74.77,75.09123455,127029,242589,CL
2/22/2023,2/22/2023 23:00,74.52,74.95,72.26,72.41,73.47861181,127498,244618,CL
2/23/2023,2/23/2023 23:00,72.38,74.4,72.29,73.82,73.50211087,129132,253229,CL
2/24/2023,2/24/2023 23:00,74.02,75.03,72.54,74.73,74.07587949,130087,249999,CL
2/27/2023,2/27/2023 23:00,74.82,75.22,73.42,74.1,74.2442894,103042,197761,CL
2/28/2023,2/28/2023 23:00,74.18,76.21,73.97,75.44,75.46232382,111751,231731,CL
3/1/2023,3/1/2023 23:00,75.25,76.23,74.53,76.07,75.3614737,134481,270866,CL
3/2/2023,3/2/2023 23:00,76.12,76.95,75.62,76.53,76.36116272,103138,208681,CL
3/3/2023,3/3/2023 23:00,76.26,78.23,74.25,78.02,76.46005459,146700,308590,CL
3/6/2023,3/6/2023 23:00,78.25,78.95,76.69,78.78,77.85726931,113266,240416,CL
3/7/2023,3/7/2023 23:00,78.82,79.25,75.45,75.96,77.36966389,134097,271344,CL
3/8/2023,3/8/2023 23:00,75.71,76.11,74.52,75.06,75.25181144,126896,245565,CL
3/9/2023,3/9/2023 23:00,74.9,76.43,73.86,74.14,75.09808845,113744,236004,CL
3/10/2023,3/10/2023 23:00,74.07,75.5,73.21,75.08,74.30303704,134920,264046,CL
3/13/2023,3/13/2023 23:00,75,75.85,70.79,73.24,73.22893434,189952,357232,CL
3/14/2023,3/14/2023 23:00,73.14,73.34,69.3,69.84,71.46846337,152288,299722,CL
3/15/2023,3/15/2023 23:00,70.07,71.05,64.28,66.2,67.22982108,208771,399769,CL
3/16/2023,3/16/2023 23:00,66.8,67.93,64.34,66.92,66.30552486,133690,243842,CL
3/17/2023,3/17/2023 23:00,66.87,68.2,63.86,65.37,65.85386979,161897,305107,CL
3/20/2023,3/20/2023 23:00,65.34,66.32,62.86,66.24,64.7169932,167826,314180,CL
3/21/2023,3/21/2023 23:00,66.25,68.14,65.34,68.05,67.10892686,145968,277548,CL
3/22/2023,3/22/2023 23:00,67.86,69.65,67.28,69.25,68.36691402,122723,225665,CL
3/23/2023,3/23/2023 23:00,68.32,70,67.53,68.33,68.8923776,117346,232160,CL
3/24/2023,3/24/2023 23:00,67.89,68.74,65.26,67.65,66.95949205,149487,278514,CL
3/27/2023,3/27/2023 23:00,67.8,71.4,67.52,71.11,69.68643316,133640,267944,CL
3/28/2023,3/28/2023 23:00,71.16,72.21,70.51,71.49,71.46695381,115957,239045,CL
3/29/2023,3/29/2023 23:00,71.89,72.64,71.06,71.27,71.90549126,109262,229367,CL
3/30/2023,3/30/2023 23:00,71.28,72.89,70.92,72.64,72.05785616,97075,202142,CL
3/31/2023,3/31/2023 23:00,72.64,73.96,72.05,73.91,73.21719681,102300,209348,CL
4/3/2023,4/3/2023 23:00,78.23,79.79,77.16,78.55,78.37025602,185832,372778,CL
4/4/2023,4/4/2023 23:00,78.57,79.9,77.75,78.83,78.85665168,123542,246039,CL
4/5/2023,4/5/2023 23:00,79.12,79.35,77.86,78.73,78.63103442,99136,191397,CL
4/6/2023,4/6/2023 23:00,78.5,79.07,77.79,78.82,78.52652772,98974,186339,CL
4/10/2023,4/10/2023 23:00,78.62,79.33,77.75,77.88,78.50699376,81761,157993,CL
4/11/2023,4/11/2023 23:00,78.02,79.69,77.52,79.63,78.76191196,98129,204247,CL
4/12/2023,4/12/2023 23:00,79.54,81.58,79.39,81.32,80.58638402,104036,220339,CL
4/13/2023,4/13/2023 23:00,81.28,81.5,80.2,80.25,80.91162449,83170,167769,CL
4/14/2023,4/14/2023 23:00,80.48,81.18,79.85,80.6,80.5463394,86598,170414,CL
4/17/2023,4/17/2023 23:00,80.56,80.78,78.59,78.95,79.66438101,65314,126063,CL
4/18/2023,4/18/2023 23:00,79.11,79.62,78.05,79.01,78.96018168,97500,196477,CL
4/19/2023,4/19/2023 23:00,79.07,79.35,76.7,77.39,77.63480235,115403,243022,CL
4/20/2023,4/20/2023 23:00,77.19,77.23,75.18,75.57,75.84744481,123360,265772,CL
4/21/2023,4/21/2023 23:00,75.33,76.56,74.93,76.06,75.87479236,91464,192487,CL
4/24/2023,4/24/2023 23:00,76.15,77.33,74.93,76.92,76.27133179,101246,209260,CL
4/25/2023,4/25/2023 23:00,76.91,77.23,74.72,75.27,75.75465849,119228,255207,CL
4/26/2023,4/26/2023 23:00,75.28,76.11,72.32,72.57,74.36872388,160705,350325,CL
4/27/2023,4/27/2023 23:00,72.65,73.53,72.3,73.02,72.88023597,118475,243109,CL
4/28/2023,4/28/2023 23:00,73.16,75.13,72.21,74.99,73.83837681,121567,241176,CL
5/1/2023,5/1/2023 23:00,74.87,74.9,72.79,73.9,73.68112841,85194,165222,CL
5/2/2023,5/2/2023 23:00,73.99,74.34,69.76,69.99,71.46402371,147549,320447,CL
5/3/2023,5/3/2023 23:00,69.89,70.12,66.37,67,67.70080591,165039,357941,CL
5/4/2023,5/4/2023 23:00,66.57,68.21,62.16,66.96,66.89600667,155057,302489,CL
5/5/2023,5/5/2023 23:00,67.1,70.14,66.88,69.68,69.13557543,113993,232050,CL
5/8/2023,5/8/2023 23:00,69.69,71.97,69.38,71.46,71.15538711,94644,192378,CL
5/9/2023,5/9/2023 23:00,71.14,72.06,69.68,71.99,70.89363202,111913,223659,CL
5/10/2023,5/10/2023 23:00,71.87,72.17,70.13,70.87,71.10752891,119148,241282,CL
5/11/2023,5/11/2023 23:00,71.07,71.79,68.98,69.22,70.10250655,125630,244431,CL
5/12/2023,5/12/2023 23:00,69.76,70.11,68.3,68.41,69.10432109,106651,200330,CL
5/15/2023,5/15/2023 23:00,68.41,70.02,67.79,69.45,69.0984609,83329,167690,CL
5/16/2023,5/16/2023 23:00,69.66,70.12,68.81,69.21,69.42467807,81025,154315,CL
5/17/2023,5/17/2023 23:00,68.95,71.55,68.41,71.13,70.01069693,90183,188336,CL
5/18/2023,5/18/2023 23:00,71.06,71.21,69.8,70.21,70.4946883,82193,160068,CL
5/19/2023,5/19/2023 23:00,70.32,71.81,69.46,69.96,70.47224273,112720,225753,CL
5/22/2023,5/22/2023 23:00,70.14,70.78,68.97,70.31,70.04284931,103824,204713,CL
5/23/2023,5/23/2023 23:00,70.36,72.01,69.98,71.15,71.14658557,113552,230568,CL
5/24/2023,5/24/2023 23:00,71.99,72.93,71.37,72.55,72.24349057,138979,299443,CL
5/25/2023,5/25/2023 23:00,72.42,72.58,69.27,70.1,70.61277149,138826,292860,CL
5/26/2023,5/26/2023 23:00,70.16,71.29,69.77,70.92,70.70060196,97363,194971,CL
5/29/2023,5/29/2023 23:00,71.46,71.78,70.3,70.92,71.01386397,34797,62474,CL
5/30/2023,5/30/2023 23:00,71.22,71.59,67.36,67.79,68.8317647,149454,297650,CL
5/31/2023,5/31/2023 23:00,67.94,68.01,65.41,66.45,66.76774862,163499,339796,CL
6/1/2023,6/1/2023 23:00,65.97,69.36,65.88,68.41,67.48405491,144514,293278,CL
6/2/2023,6/2/2023 23:00,68.52,70.43,68.31,70.01,69.7295873,116193,229298,CL
6/5/2023,6/5/2023 23:00,73.22,73.25,70,70.41,71.16903114,140576,279233,CL
6/6/2023,6/6/2023 23:00,70.25,70.59,68.44,70.01,69.5958898,113937,228463,CL
6/7/2023,6/7/2023 23:00,69.83,71.43,69.3,70.78,70.63716884,110728,211892,CL
6/8/2023,6/8/2023 23:00,70.72,71.51,67.37,69.57,69.63102199,169002,343602,CL
6/9/2023,6/9/2023 23:00,69.23,70.04,68.41,68.48,69.35094038,102034,190654,CL
6/12/2023,6/12/2023 23:00,68.58,68.63,65.19,65.5,66.35787308,142492,276978,CL
6/13/2023,6/13/2023 23:00,65.69,68.15,65.53,67.75,67.13468481,111103,226389,CL
6/14/2023,6/14/2023 23:00,67.68,68.79,66.43,66.62,67.76413652,106009,209065,CL
6/15/2023,6/15/2023 23:00,67.04,69.25,66.33,68.92,67.89100276,29151,60558,CL
6/16/2023,6/16/2023 23:00,68.92,70.11,68.3,70.01,69.22811829,97192,185444,CL
6/19/2023,6/19/2023 23:00,69.77,70.34,68.93,70.01,69.63592076,46517,83035,CL
6/20/2023,6/20/2023 23:00,69.6,70.45,67.9,69.29,69.01497094,123785,247731,CL
6/21/2023,6/21/2023 23:00,69.01,70.78,68.91,70.59,69.95904825,97714,194413,CL
6/22/2023,6/22/2023 23:00,70.49,70.71,67.09,67.65,68.46799007,130427,277770,CL
6/23/2023,6/23/2023 23:00,67.67,67.79,65.55,67.31,66.705388,116503,242156,CL
6/26/2023,6/26/2023 23:00,67.97,68.24,66.87,67.52,67.55992396,111858,216703,CL
6/27/2023,6/27/2023 23:00,67.63,68.28,65.7,65.89,66.78227677,136008,277736,CL
6/28/2023,6/28/2023 23:00,66.19,67.87,65.26,67.7,66.55453029,137588,272660,CL
6/29/2023,6/29/2023 23:00,67.4,68.71,67.09,67.99,67.81686871,113263,217576,CL
6/30/2023,6/30/2023 23:00,67.95,69.14,67.67,68.75,68.52444005,113715,221843,CL
7/3/2023,7/3/2023 23:00,68.57,69.85,67.83,67.92,68.83491496,112007,224202,CL
7/4/2023,7/4/2023 23:00,68.28,69.45,67.92,67.92,68.87384598,47000,82739,CL
7/5/2023,7/5/2023 23:00,69.12,70.24,68.46,69.87,69.59406991,115520,236019,CL
7/6/2023,7/6/2023 23:00,69.88,70.41,68.34,69.88,69.44321219,129436,254937,CL
7/7/2023,7/7/2023 23:00,69.97,71.94,69.29,71.89,70.74253508,112998,250836,CL
7/10/2023,7/10/2023 23:00,71.89,72.17,70.73,71.04,71.44524005,103232,209013,CL
7/11/2023,7/11/2023 23:00,71.23,72.96,71.03,72.83,72.09830796,95898,199874,CL
7/12/2023,7/12/2023 23:00,72.83,74.11,72.67,73.73,73.48035927,108667,210807,CL
7/13/2023,7/13/2023 23:00,73.82,75.26,73.31,74.84,74.17235821,107568,224904,CL
7/14/2023,7/14/2023 23:00,75.1,75.23,73.1,73.4,74.069191,89258,179977,CL
7/17/2023,7/17/2023 23:00,73.02,74.06,71.87,72.17,72.65015521,78367,151492,CL
7/18/2023,7/18/2023 23:00,72.17,73.94,71.92,73.71,73.12017256,107741,226737,CL
7/19/2023,7/19/2023 23:00,73.8,74.89,73.08,73.35,73.97356759,117522,235894,CL
7/20/2023,7/20/2023 23:00,73.39,74.18,72.6,73.7,73.58388949,108404,222354,CL
7/21/2023,7/21/2023 23:00,73.75,75.3,73.74,75.08,74.55418796,101046,207026,CL
7/24/2023,7/24/2023 23:00,75.02,77.23,74.47,76.71,76.08367449,126908,263085,CL
7/25/2023,7/25/2023 23:00,76.82,77.84,76.27,77.58,77.05884393,108864,228544,CL
7/26/2023,7/26/2023 23:00,77.29,77.71,76.52,76.75,77.04715359,108729,227953,CL
7/27/2023,7/27/2023 23:00,76.86,78.52,76.83,78.02,77.73298704,114862,236600,CL
7/28/2023,7/28/2023 23:00,77.78,78.63,77.03,78.5,77.86352921,102077,209565,CL
7/31/2023,7/31/2023 23:00,78.57,79.88,78.06,79.69,79.18356376,102120,213531,CL
8/1/2023,8/1/2023 23:00,79.62,80.1,78.51,79.27,79.25078324,103963,218136,CL
8/2/2023,8/2/2023 23:00,79.93,80.3,77.01,77.44,78.44999474,139790,297946,CL
8/3/2023,8/3/2023 23:00,77.71,79.75,76.66,79.45,78.40713015,131032,276510,CL
8/4/2023,8/4/2023 23:00,79.62,81.09,79.41,80.68,80.13437832,105931,225659,CL
8/7/2023,8/7/2023 23:00,80.68,81.15,79.42,79.83,80.05449431,90501,177143,CL
8/8/2023,8/8/2023 23:00,80.4,80.94,77.84,80.78,79.31702851,133519,267710,CL
8/9/2023,8/9/2023 23:00,80.74,82.47,80.54,82.22,81.56157436,140573,282756,CL
8/10/2023,8/10/2023 23:00,82.08,82.7,80.45,80.68,81.54209045,119187,234003,CL
8/11/2023,8/11/2023 23:00,80.69,81.65,80.11,81.04,81.02674117,110257,211543,CL
8/14/2023,8/14/2023 23:00,80.95,81.05,79.65,80.38,80.44124983,99242,193004,CL
8/15/2023,8/15/2023 23:00,80.39,80.77,78.33,78.9,79.22642836,96937,190614,CL
8/16/2023,8/16/2023 23:00,79.13,79.33,77.01,77.33,78.37887849,101728,205370,CL
8/17/2023,8/17/2023 23:00,77.2,78.99,76.91,78.32,78.15286519,75982,155982,CL
8/18/2023,8/18/2023 23:00,78,79.36,77.45,79.06,78.44003735,112006,221097,CL
8/21/2023,8/21/2023 23:00,79.16,80.13,78.38,78.53,79.2202524,104705,208188,CL
8/22/2023,8/22/2023 23:00,78.66,78.78,77.88,78.06,78.31359546,92449,189944,CL
8/23/2023,8/23/2023 23:00,78.06,78.33,76.08,77.33,77.19032103,125371,267730,CL
8/24/2023,8/24/2023 23:00,77.01,77.71,76.05,77.48,77.08642305,110228,227592,CL
8/25/2023,8/25/2023 23:00,77.32,78.85,76.59,78.25,78.05875135,138287,279453,CL
8/28/2023,8/28/2023 23:00,78.56,79.27,78.03,78.51,78.56941974,95126,189414,CL
8/29/2023,8/29/2023 23:00,78.39,79.8,77.77,79.55,78.82132334,102848,221666,CL
8/30/2023,8/30/2023 23:00,79.68,80.42,79.28,80.01,79.89166861,110230,231960,CL
8/31/2023,8/31/2023 23:00,80.08,82.03,79.86,81.97,81.07179288,120470,259610,CL
9/1/2023,9/1/2023 23:00,81.97,84.35,81.8,83.85,83.22718596,131160,277248,CL
9/4/2023,9/4/2023 23:00,84.35,84.43,83.58,83.85,83.98975796,40139,74530,CL
9/5/2023,9/5/2023 23:00,84.25,86.32,83.33,84.97,84.9542449,137916,281611,CL
9/6/2023,9/6/2023 23:00,85,86.33,84.23,85.8,85.16890206,106649,213030,CL
9/7/2023,9/7/2023 23:00,85.8,86,84.68,85.15,85.44334956,96115,184116,CL
9/8/2023,9/8/2023 23:00,85.06,86.21,84.44,85.77,85.532545,103761,199900,CL
9/11/2023,9/11/2023 23:00,85.67,86.4,84.99,85.56,85.60115688,97873,186535,CL
9/12/2023,9/12/2023 23:00,85.54,87.6,85.49,87.08,86.86949642,99070,200963,CL
9/13/2023,9/13/2023 23:00,86.99,87.86,86.54,86.76,87.17040851,97084,191960,CL
9/14/2023,9/14/2023 23:00,87.05,88.99,86.92,88.37,88.09568866,86748,171677,CL
9/15/2023,9/15/2023 23:00,88.87,89.42,87.45,88.97,88.6857508,87376,173203,CL
9/18/2023,9/18/2023 23:00,89.31,89.99,88.66,89.26,89.453,24546,44344,CL
9/19/2023,9/19/2023 23:00,89.54,90.75,89.08,89.17,89.824,36311,64289,CL
9/20/2023,9/20/2023 23:00,89.3,89.6,87.76,88.34,88.645,33644,57430,CL
9/21/2023,9/21/2023 23:00,88.07,89.5,87.15,88.32,88.487,29603,49464,CL
9/22/2023,9/22/2023 23:00,88.27,89.65,87.82,88.35,88.845,35991,59439,CL
9/25/2023,9/25/2023 23:00,88.83,89.07,87.52,88.17,88.239,27149,45579,CL
9/26/2023,9/26/2023 23:00,88.3,89.09,86.74,88.78,88.241,30806,51783,CL
9/27/2023,9/27/2023 23:00,88.92,91.73,88.8,91.3,90.766,51356,84969,CL
9/28/2023,9/28/2023 23:00,91.44,92.48,89.31,89.59,90.666,42934,70348,CL
9/29/2023,9/29/2023 23:00,89.7,90.96,88.45,88.8,89.504,34200,55506,CL
10/2/2023,10/2/2023 23:00,88.83,89.89,86.83,87.17,88.043,33596,55717,CL
10/3/2023,10/3/2023 23:00,87.01,88.25,86.17,87.44,87.317,36460,59934,CL
10/4/2023,10/4/2023 23:00,87.44,87.76,82.5,82.55,84.487,46397,82946,CL
10/5/2023,10/5/2023 23:00,82.85,83.23,80.61,80.81,81.607,45471,78772,CL
10/6/2023,10/6/2023 23:00,81.05,81.69,80.2,81.28,80.99,45706,79167,CL
10/9/2023,10/9/2023 23:00,83.2,85.56,82.95,84.6,84.278,53725,89484,CL
10/10/2023,10/10/2023 23:00,84.7,84.94,83.39,84.13,84.102,38890,64196,CL
10/11/2023,10/11/2023 23:00,84.16,84.72,81.63,82.07,82.788,53045,91784,CL
10/12/2023,10/12/2023 23:00,81.84,83.75,81.31,81.8,82.461,63558,105077,CL
10/13/2023,10/13/2023 23:00,82.27,86.51,82.17,86.35,85.032,78969,132763,CL
10/16/2023,10/16/2023 23:00,86.37,86.94,85,85.26,85.85,61714,109512,CL
10/17/2023,10/17/2023 23:00,85.69,86.44,84.39,85.44,85.337,75705,132922,CL
10/18/2023,10/18/2023 23:00,86.41,88.57,86.25,87.27,87.183,132575,261585,CL
10/19/2023,10/19/2023 23:00,87.22,89.54,85.44,88.37,87.314,124149,239382,CL
10/20/2023,10/20/2023 23:00,89.09,89.85,87.53,88.08,88.909,119175,233466,CL
10/23/2023,10/23/2023 23:00,88,88.29,85.35,85.49,86.801,120089,240446,CL
10/24/2023,10/24/2023 23:00,86.15,86.3,82.94,83.74,84.451,128448,251280,CL
10/25/2023,10/25/2023 23:00,83.69,85.56,82.08,85.39,84.021,149136,308162,CL
10/26/2023,10/26/2023 23:00,85.37,85.59,82.56,83.21,83.835,132308,246236,CL
10/27/2023,10/27/2023 23:00,83.53,85.9,83.1,85.54,84.505,131040,252162,CL
10/30/2023,10/30/2023 23:00,85,85.3,81.82,82.31,83.263,144664,278711,CL
10/31/2023,10/31/2023 23:00,82.59,83.37,80.74,81.02,82.263,131801,251975,CL
11/1/2023,11/1/2023 23:00,81.48,83.42,80.3,80.44,81.953,120233,226052,CL
11/2/2023,11/2/2023 23:00,80.82,82.83,80.22,82.46,81.647,119783,219296,CL
11/3/2023,11/3/2023 23:00,82.58,83.6,80.1,80.51,81.755,161344,306925,CL
11/6/2023,11/6/2023 23:00,81.13,82.24,80.66,80.82,81.561,102078,183762,CL
11/7/2023,11/7/2023 23:00,80.93,81.05,77.09,77.37,78.661,139219,269120,CL
11/8/2023,11/8/2023 23:00,77.12,77.53,74.91,75.33,76.176,158826,308849,CL
11/9/2023,11/9/2023 23:00,75.65,77.16,75.21,75.74,76.13,110310,206323,CL
11/10/2023,11/10/2023 23:00,75.59,77.73,75.31,77.17,76.836,90209,169325,CL
11/13/2023,11/13/2023 23:00,77.28,78.77,76.34,78.39,77.79870767,86419,155859,CL
11/14/2023,11/14/2023 23:00,78.66,79.91,77.92,78.39,78.841473,90059,166801,CL
11/15/2023,11/15/2023 23:00,78.3,78.9,76.44,76.79,77.45212092,95360,187665,CL
11/16/2023,11/16/2023 23:00,76.71,76.8,72.37,73.09,74.267,143128,293445,CL
11/17/2023,11/17/2023 23:00,73.11,76.19,72.91,76.04,74.765,131709,262522,CL
11/20/2023,11/20/2023 23:00,75.8,78.46,75.41,77.83,77.539,99744,199755,CL
11/21/2023,11/21/2023 23:00,77.65,77.92,76.92,77.77,77.438,94907,178238,CL
11/22/2023,11/22/2023 23:00,77.77,77.97,73.79,77.1,75.661,158668,317976,CL
11/23/2023,11/23/2023 23:00,76.79,77.1,75.3,77.1,76.101,53408,95460,CL
11/24/2023,11/24/2023 23:00,76.35,77.09,75.07,75.54,76.44,69257,127807,CL
11/27/2023,11/27/2023 23:00,75.31,76.23,74.06,74.86,75.107,117653,217529,CL
11/28/2023,11/28/2023 23:00,75.07,77.02,74.64,76.41,75.891,108801,213421,CL
11/29/2023,11/29/2023 23:00,76.56,78.09,75.67,77.86,77.122,126023,247519,CL
11/30/2023,11/30/2023 23:00,77.75,79.6,75.05,75.96,77.474,214042,440125,CL
12/1/2023,12/1/2023 23:00,75.59,76.76,73.93,74.07,75.553,136438,262940,CL
12/4/2023,12/4/2023 23:00,74.58,75.03,72.63,73.04,73.548,148725,294221,CL
12/5/2023,12/5/2023 23:00,73.3,74.12,72.02,72.32,73.159,136065,257316,CL
12/6/2023,12/6/2023 23:00,72.1,72.6,69.11,69.38,70.541,153834,322821,CL
12/7/2023,12/7/2023 23:00,69.28,70.48,68.8,69.34,69.725,114686,213245,CL
12/8/2023,12/8/2023 23:00,69.76,71.63,69.5,71.23,70.885,108362,204629,CL
12/11/2023,12/11/2023 23:00,71.48,72.14,70.67,71.65,71.48203604,94207,177711,CL
12/12/2023,12/12/2023 23:00,71.76,72.29,68.53,68.93,69.95804233,106728,205182,CL
12/13/2023,12/13/2023 23:00,69.05,70.21,68.02,69.79,69.34322087,99082,187315,CL
12/14/2023,12/14/2023 23:00,70.17,72.79,69.86,71.91,71.75127158,82324,163261,CL
12/15/2023,12/15/2023 23:00,71.91,72.56,70.64,71.78,71.835,97885,178823,CL
12/18/2023,12/18/2023 23:00,72.05,74.61,70.99,72.82,73.076,126909,261216,CL
12/19/2023,12/19/2023 23:00,72.93,74.45,72.14,73.94,73.424,89502,172770,CL
12/20/2023,12/20/2023 23:00,74.06,75.37,73.6,74.22,74.564,99266,200760,CL
12/21/2023,12/21/2023 23:00,73.81,74.58,72.44,73.89,73.581,103724,193097,CL
12/22/2023,12/22/2023 23:00,73.91,74.98,73.39,73.56,74.214,85557,162015,CL
12/26/2023,12/26/2023 23:00,73.56,76.18,73.13,75.57,75.023,86218,168419,CL
12/27/2023,12/27/2023 23:00,75.32,75.66,73.77,74.11,74.777,99537,195405,CL
12/28/2023,12/28/2023 23:00,73.8,74.4,71.72,71.77,73.049,106103,200886,CL
12/29/2023,12/29/2023 23:00,71.99,72.62,71.25,71.65,71.99,88490,164769,CL
,,,,,,,,,
,,,,,,,,,
,,,,,,,,,
,,,,,,,,,
,,,,,,,,,
,,,,,,,,,
,,,,,,,,,
,,,,,,,,,
,,,,,,,,,
